,0
0,-0.5673313140869141
1,-7.593197822570801
2,-5.5022783279418945
3,-0.36197471618652344
4,-7.816553115844727
5,-5.937603950500488
6,-0.3577556610107422
7,-7.802211761474609
8,-5.938560962677002
9,-0.2052602767944336
10,-7.714756011962891
11,-5.939714431762695
12,-0.35967254638671875
13,-7.8304290771484375
14,-5.251213073730469
15,-0.35195255279541016
16,-7.82559871673584
17,-5.250960826873779
18,-0.3355731964111328
19,-7.819563865661621
20,-5.252426624298096
21,-0.012169837951660156
22,-7.257162094116211
23,-6.86124324798584
24,-0.0034666061401367188
25,-7.3856916427612305
26,-3.8275105953216553
27,-0.5715045928955078
28,-7.232633590698242
29,-5.755178928375244
30,-0.5820627212524414
31,-7.224844932556152
32,-4.87153434753418
33,-0.2388744354248047
34,-5.225193977355957
35,-8.641741752624512
36,-0.07130146026611328
37,-5.336337089538574
38,-0.9870842695236206
39,-1.5708580017089844
40,-2.626744270324707
41,-9.103348731994629
42,-1.3647804260253906
43,-3.1110124588012695
44,-0.3795967102050781
45,-3.1520957946777344
46,-1.5939865112304688
47,-7.683156967163086
48,-2.9615907669067383
49,-1.4542560577392578
50,-1.351725697517395
51,-3.628556251525879
52,-1.1047115325927734
53,-8.356158256530762
54,-3.259902000427246
55,-1.4018268585205078
56,-1.201941728591919
57,-3.69586181640625
58,-1.4183273315429688
59,-8.004390716552734
60,-3.2766103744506836
61,-1.3144168853759766
62,-1.9308865070343018
63,-3.485081672668457
64,-1.5600738525390625
65,-7.487478256225586
66,-3.155405044555664
67,-1.2419509887695312
68,-1.6820850372314453
69,-0.06571388244628906
70,0.19152069091796875
71,-4.8388800621032715
72,0.0
73,0.0
74,0.0
75,-2.228809356689453
76,2.191333770751953
77,-4.973248481750488
78,-1.7206172943115234
79,2.2976932525634766
80,0.9643981456756592
81,-1.0292863845825195
82,4.881345748901367
83,-2.6861705780029297
84,-0.7935295104980469
85,5.641668319702148
86,2.1248996257781982
87,-0.5470485687255859
88,5.5854949951171875
89,-2.3935015201568604
90,-0.5641975402832031
91,6.115545272827148
92,2.2378509044647217
93,-1.595107078552246
94,6.175086975097656
95,-1.7484827041625977
96,-1.6626367568969727
97,6.308509826660156
98,2.304197072982788
99,-0.670863151550293
100,-7.715015411376953
101,-4.259199142456055
102,-0.5064125061035156
103,-7.992278099060059
104,-4.596161842346191
105,-0.4692087173461914
106,-7.993625640869141
107,-4.596515655517578
108,-0.42118072509765625
109,-7.980818748474121
110,-4.597402572631836
111,-0.5314321517944336
112,-7.988945007324219
113,-3.976088523864746
114,-0.519073486328125
115,-7.9892730712890625
116,-3.976392984390259
117,-0.5072774887084961
118,-7.991225242614746
119,-3.9766435623168945
120,-0.1468048095703125
121,-7.772163391113281
122,-5.176147937774658
123,-0.2790870666503906
124,-7.794066429138184
125,-2.4068362712860107
126,-0.5927658081054688
127,-7.3319501876831055
128,-4.430878639221191
129,-0.6278114318847656
130,-7.336081504821777
131,-3.6227197647094727
132,0.13126564025878906
133,-5.804449081420898
134,-6.760663032531738
135,-0.44625282287597656
136,-5.809259414672852
137,-0.5380858182907104
138,-0.3915243148803711
139,-4.670758247375488
140,-10.15535831451416
141,-1.919205665588379
142,-5.410079002380371
143,-0.02433609962463379
144,-1.7687568664550781
145,-5.457090377807617
146,-12.76313304901123
147,-3.3265304565429688
148,-5.859406471252441
149,-1.3102757930755615
150,-2.0775842666625977
151,-5.7871599197387695
152,-13.848870277404785
153,-3.8168411254882812
154,-6.139775276184082
155,-1.271347999572754
156,-2.0673627853393555
157,-6.126791954040527
158,-13.37108039855957
159,-3.7039270401000977
160,-6.356815338134766
161,-1.955528974533081
162,-1.9875802993774414
163,-5.949105262756348
164,-12.673949241638184
165,-3.556981086730957
166,-6.079477310180664
167,-1.6627330780029297
168,0.028425216674804688
169,-0.19928550720214844
170,-4.739205360412598
171,-0.02628803253173828
172,-0.4375476837158203
173,-0.10075235366821289
174,-2.1665353775024414
175,2.148632049560547
176,-5.7894744873046875
177,-1.8292970657348633
178,1.9244556427001953
179,-0.37711262702941895
180,-0.8492984771728516
181,5.24981689453125
182,-4.14577054977417
183,-0.8294954299926758
184,5.511728286743164
185,0.8488595485687256
186,-0.4438447952270508
187,5.825323104858398
188,-3.912099838256836
189,-0.5893173217773438
190,6.033926010131836
191,0.9617400169372559
192,-1.6050786972045898
193,6.176008224487305
194,-3.8379507064819336
195,-1.7078237533569336
196,6.278697967529297
197,0.5971710681915283
198,-0.5305662155151367
199,-8.311126708984375
200,-1.9078233242034912
201,-0.35680103302001953
202,-8.646272659301758
203,-2.3713889122009277
204,-0.2838325500488281
205,-8.656878471374512
206,-2.3716747760772705
207,-0.3042478561401367
208,-8.658418655395508
209,-2.3727867603302
210,-0.3732271194458008
211,-8.653069496154785
212,-1.6938953399658203
213,-0.35776329040527344
214,-8.64895248413086
215,-1.6931344270706177
216,-0.31090545654296875
217,-8.728052139282227
218,-1.694366693496704
219,-0.051873207092285156
220,-8.465764999389648
221,-3.4746832847595215
222,-0.06732845306396484
223,-8.571122169494629
224,-0.4534367322921753
225,-0.4449338912963867
226,-7.951276779174805
227,-2.2373762130737305
228,-0.4821786880493164
229,-7.945549011230469
230,-1.362169861793518
231,0.24465656280517578
232,-7.004337310791016
233,-5.355091094970703
234,-0.04198932647705078
235,-6.584278106689453
236,1.4241666793823242
237,-0.6641330718994141
238,-7.471929550170898
239,-7.427576065063477
240,-1.1820383071899414
241,-6.659808158874512
242,2.2189290523529053
243,-1.627394676208496
244,-9.060948371887207
245,-7.94746208190918
246,-1.4197826385498047
247,-7.7124128341674805
248,1.2017076015472412
249,-1.7810535430908203
250,-9.661930084228516
251,-8.632200241088867
252,-1.3543643951416016
253,-8.093192100524902
254,1.235034465789795
255,-1.6703300476074219
256,-9.708840370178223
257,-8.284391403198242
258,-1.3165082931518555
259,-8.18843936920166
260,0.8685359954833984
261,-1.6399545669555664
262,-9.425593376159668
263,-7.834251403808594
264,-1.3604364395141602
265,-8.053223609924316
266,0.9954581260681152
267,0.07015419006347656
268,-1.073629379272461
269,-4.74452018737793
270,-0.018355369567871094
271,-1.1187801361083984
272,-0.09505009651184082
273,-2.047896385192871
274,1.9682331085205078
275,-5.875
276,-1.7406997680664062
277,1.8244571685791016
278,-0.6057969331741333
279,-0.8138761520385742
280,4.752540588378906
281,-4.0832319259643555
282,-0.905522346496582
283,5.480777740478516
284,0.15158581733703613
285,-0.3891887664794922
286,4.941263198852539
287,-3.8135452270507812
288,-0.6880025863647461
289,6.020719528198242
290,0.20567798614501953
291,-1.5473442077636719
292,5.986013412475586
293,-3.4830284118652344
294,-1.7737483978271484
295,6.279293060302734
296,-0.25421738624572754
297,-0.10598278045654297
298,-9.110279083251953
299,-3.2881574630737305
300,0.07901573181152344
301,-9.328866958618164
302,-3.6816625595092773
303,0.12982845306396484
304,-9.31544303894043
305,-3.6819725036621094
306,0.1428356170654297
307,-9.306355476379395
308,-3.682699203491211
309,0.04034423828125
310,-9.353558540344238
311,-3.0375232696533203
312,0.055884361267089844
313,-9.355173110961914
314,-3.037510871887207
315,0.07617855072021484
316,-9.372340202331543
317,-3.0389010906219482
318,0.38912105560302734
319,-9.03113079071045
320,-4.470157623291016
321,0.29608917236328125
322,-9.17516040802002
323,-1.5971392393112183
324,-0.04008960723876953
325,-8.772656440734863
326,-3.503938674926758
327,-0.0920114517211914
328,-8.819822311401367
329,-2.670469045639038
330,0.4952850341796875
331,-7.44146728515625
332,-5.994385719299316
333,0.14647769927978516
334,-7.365464210510254
335,0.4164760112762451
336,-0.1853199005126953
337,-7.922640800476074
338,-9.4225492477417
339,-0.4489612579345703
340,-6.791619300842285
341,3.017376661300659
342,-0.6154775619506836
343,-10.101384162902832
344,-11.997611045837402
345,-0.3060750961303711
346,-7.544812202453613
347,4.802292823791504
348,-0.6304655075073242
349,-10.899585723876953
350,-12.881882667541504
351,-0.14737892150878906
352,-7.795787811279297
353,5.293845176696777
354,-0.5183773040771484
355,-10.857730865478516
356,-12.445399284362793
357,-0.11064910888671875
358,-7.905299186706543
359,4.91763973236084
360,-0.5616426467895508
361,-10.525718688964844
362,-11.900071144104004
363,-0.19402790069580078
364,-7.839855194091797
365,4.697653770446777
366,0.061690330505371094
367,-1.5935382843017578
368,-4.697368621826172
369,-0.02037811279296875
370,-1.6712894439697266
371,-0.1387767791748047
372,-1.9256391525268555
373,1.8244972229003906
374,-5.798281669616699
375,-1.2956018447875977
376,1.778024673461914
377,-0.36147356033325195
378,-0.7786941528320312
379,4.773107528686523
380,-3.7084856033325195
381,-0.8558998107910156
382,5.439540863037109
383,0.7824981212615967
384,-0.10987281799316406
385,4.691995620727539
386,-3.458489418029785
387,-0.5750627517700195
388,6.021421432495117
389,0.8515448570251465
390,-1.4818525314331055
391,5.999847412109375
392,-3.426492214202881
393,-1.7556781768798828
394,6.286773681640625
395,0.12117886543273926
396,0.3970804214477539
397,-10.65667724609375
398,-3.217764377593994
399,0.589238166809082
400,-10.740006446838379
401,-3.6648433208465576
402,0.6130437850952148
403,-10.713321685791016
404,-3.665954113006592
405,0.6220388412475586
406,-10.687671661376953
407,-3.6667537689208984
408,0.5766725540161133
409,-10.739974975585938
410,-2.964235305786133
411,0.5927162170410156
412,-10.716609001159668
413,-2.964207649230957
414,0.6084928512573242
415,-10.693222045898438
416,-2.965088367462158
417,0.751866340637207
418,-10.276260375976562
419,-4.738078594207764
420,0.7302560806274414
421,-10.299322128295898
422,-1.6285814046859741
423,0.38016605377197266
424,-10.341144561767578
425,-3.537985324859619
426,0.3610095977783203
427,-10.353418350219727
428,-2.6334540843963623
429,0.5057735443115234
430,-8.746697425842285
431,-6.451991081237793
432,0.4673643112182617
433,-7.991504669189453
434,0.24686956405639648
435,0.41585731506347656
436,-10.055035591125488
437,-10.258026123046875
438,0.30588340759277344
439,-6.849714279174805
440,4.040745735168457
441,0.7012605667114258
442,-12.46261978149414
443,-13.467991828918457
444,0.8915700912475586
445,-6.602978706359863
446,7.084295272827148
447,0.8899078369140625
448,-13.261368751525879
449,-14.480687141418457
450,1.2249317169189453
451,-6.475424766540527
452,7.836256980895996
453,0.9840250015258789
454,-13.232858657836914
455,-14.151285171508789
456,1.2056808471679688
457,-6.692536354064941
458,7.400328636169434
459,0.8798799514770508
460,-12.905559539794922
461,-13.437699317932129
462,1.0415630340576172
463,-6.781991958618164
464,7.005475044250488
465,-0.2117605209350586
466,-2.724580764770508
467,-4.654555320739746
468,-0.1434154510498047
469,-2.6683778762817383
470,-0.18117117881774902
471,-1.5829992294311523
472,1.4295673370361328
473,-4.8710527420043945
474,-1.093064308166504
475,0.7776622772216797
476,-0.03844022750854492
477,-0.7433843612670898
478,4.814981460571289
479,-3.8866443634033203
480,-0.8655681610107422
481,4.509977340698242
482,2.513471841812134
483,-0.1802968978881836
484,5.171148300170898
485,-3.7619268894195557
486,-0.7723274230957031
487,4.449991226196289
488,2.7559235095977783
489,-1.484278678894043
490,6.019100189208984
491,-4.713423728942871
492,-1.7518033981323242
493,4.685537338256836
494,2.0220844745635986
495,1.1168222427368164
496,-11.741119384765625
497,-4.535833358764648
498,1.345754623413086
499,-11.658754348754883
500,-4.975578784942627
501,1.3619194030761719
502,-11.596757888793945
503,-4.975537300109863
504,1.3719167709350586
505,-11.533533096313477
506,-4.976735591888428
507,1.3295469284057617
508,-11.692586898803711
509,-4.389079570770264
510,1.3370141983032227
511,-11.662656784057617
512,-4.3878679275512695
513,1.3446407318115234
514,-11.625864028930664
515,-4.386092662811279
516,1.3881759643554688
517,-11.006945610046387
518,-6.002619743347168
519,1.3715791702270508
520,-11.051542282104492
521,-3.3311221599578857
522,1.0130205154418945
523,-11.382182121276855
524,-4.819946765899658
525,0.9946832656860352
526,-11.453404426574707
527,-4.047595500946045
528,0.8039093017578125
529,-9.814563751220703
530,-6.711946487426758
531,0.7174520492553711
532,-9.553122520446777
533,-1.705939531326294
534,1.1854801177978516
535,-12.575878143310547
536,-9.811412811279297
537,0.7272214889526367
538,-9.74869441986084
539,0.26836085319519043
540,1.811666488647461
541,-14.118433952331543
542,-11.40180778503418
543,1.2004289627075195
544,-10.601984024047852
545,0.12873315811157227
546,2.0529680252075195
547,-14.939983367919922
548,-12.534246444702148
549,1.4421939849853516
550,-10.621452331542969
551,-0.1265089511871338
552,2.122164726257324
553,-14.100937843322754
554,-12.36878776550293
555,1.4009294509887695
556,-10.800281524658203
557,-0.7229467630386353
558,2.06827449798584
559,-14.107198715209961
560,-11.41708755493164
561,1.276392936706543
562,-10.887755393981934
563,-0.1911778450012207
564,-0.4079141616821289
565,-4.237856864929199
566,-4.313099384307861
567,-0.3938150405883789
568,-4.530839920043945
569,-0.5216410160064697
570,-1.136509895324707
571,0.6259002685546875
572,-3.2865476608276367
573,-0.1949634552001953
574,-3.6752777099609375
575,3.5857574939727783
576,-0.7966804504394531
577,4.578165054321289
578,-1.7790677547454834
579,1.0294466018676758
580,-3.796215057373047
581,8.507705688476562
582,-0.4678001403808594
583,5.020414352416992
584,-1.6900397539138794
585,1.245854377746582
586,-3.9293947219848633
587,8.967947006225586
588,-1.5284919738769531
589,6.014469146728516
590,-4.054440498352051
591,1.2804298400878906
592,-3.7783117294311523
593,8.348316192626953
594,1.4825325012207031
595,-11.847061157226562
596,-3.2248997688293457
597,1.6952180862426758
598,-11.688285827636719
599,-3.4268651008605957
600,1.706080436706543
601,-11.646766662597656
602,-3.428283452987671
603,1.7112054824829102
604,-11.606454849243164
605,-3.4299960136413574
606,1.690530776977539
607,-11.710284233093262
608,-2.9675612449645996
609,1.6991729736328125
610,-11.688894271850586
611,-2.9661433696746826
612,1.7040081024169922
613,-11.663795471191406
614,-2.9657046794891357
615,1.697249412536621
616,-11.191116333007812
617,-3.772217035293579
618,1.6761360168457031
619,-11.22718620300293
620,-1.655293345451355
621,1.391453742980957
622,-11.543888092041016
623,-3.301086187362671
624,1.3822927474975586
625,-11.652200698852539
626,-2.7009057998657227
627,1.121922492980957
628,-10.4419527053833
629,-5.259531497955322
630,0.6975975036621094
631,-10.309242248535156
632,-0.12317991256713867
633,1.7824249267578125
634,-12.812477111816406
635,-7.561332702636719
636,1.334843635559082
637,-11.91894817352295
638,0.8088858127593994
639,2.5358877182006836
640,-14.055652618408203
641,-9.096712112426758
642,2.173037528991699
643,-13.467599868774414
644,0.8611752986907959
645,2.795403480529785
646,-14.431489944458008
647,-10.017436027526855
648,2.4521169662475586
649,-12.851593971252441
650,0.7354607582092285
651,2.841158866882324
652,-14.254958152770996
653,-9.869542121887207
654,2.3828325271606445
655,-12.854972839355469
656,0.3467082977294922
657,2.77408504486084
658,-14.179203033447266
659,-9.137736320495605
660,2.3072404861450195
661,-12.92227840423584
662,0.6063296794891357
663,-0.6405878067016602
664,-5.427713394165039
665,-4.3161540031433105
666,-0.7684087753295898
667,-5.410422325134277
668,-0.5153242349624634
669,-0.7975339889526367
670,-2.884615898132324
671,-6.302393913269043
672,-0.7273645401000977
673,-1.4611530303955078
674,-0.5642960071563721
675,-0.024308204650878906
676,-2.981656074523926
677,-4.004645824432373
678,-0.36644935607910156
679,1.472158432006836
680,-1.2323969602584839
681,0.03348541259765625
682,-3.2512102127075195
683,-3.748481273651123
684,-0.03605842590332031
685,1.647378921508789
686,-1.3644181489944458
687,0.27406787872314453
688,-2.38397216796875
689,-4.063987731933594
690,0.6153240203857422
691,-0.2346782684326172
692,-2.4058332443237305
693,2.0561723709106445
694,-12.046147346496582
695,-3.7270894050598145
696,2.247868537902832
697,-11.83439826965332
698,-3.632298231124878
699,2.255814552307129
700,-11.789753913879395
701,-3.6325855255126953
702,2.257298469543457
703,-11.752981185913086
704,-3.6307730674743652
705,2.2400827407836914
706,-11.864982604980469
707,-3.5318541526794434
708,2.245570182800293
709,-11.843825340270996
710,-3.5311217308044434
711,2.247208595275879
712,-11.824122428894043
713,-3.529158115386963
714,2.199051856994629
715,-11.417049407958984
716,-4.659985542297363
717,2.1765146255493164
718,-11.436929702758789
719,-2.4847028255462646
720,1.9487276077270508
721,-11.765533447265625
722,-3.3659441471099854
723,1.9164552688598633
724,-11.94343376159668
725,-3.3805084228515625
726,1.4587831497192383
727,-10.848447799682617
728,-6.001626968383789
729,1.0720834732055664
730,-10.613275527954102
731,-0.8411300182342529
732,2.1256837844848633
733,-13.36363410949707
734,-7.246585845947266
735,2.024897575378418
736,-12.97039794921875
737,0.33258628845214844
738,2.9413461685180664
739,-14.136878967285156
740,-7.236903190612793
741,2.5632638931274414
742,-13.303244590759277
743,0.8628730773925781
744,3.2212095260620117
745,-14.414924621582031
746,-7.985730171203613
747,2.830275535583496
748,-13.362841606140137
749,0.7801852226257324
750,3.2753286361694336
751,-14.292712211608887
752,-7.763143539428711
753,2.9488344192504883
754,-13.571527481079102
755,0.4904050827026367
756,3.2047643661499023
757,-14.224693298339844
758,-7.211236000061035
759,2.716668128967285
760,-13.199100494384766
761,0.6396121978759766
762,-0.6386547088623047
763,-5.755871772766113
764,-4.380886077880859
765,-0.6669836044311523
766,-6.069457054138184
767,-0.45230793952941895
768,-1.2806873321533203
769,-3.073972702026367
770,-4.73018741607666
771,-1.1175031661987305
772,-2.232107162475586
773,0.7442190647125244
774,-0.14408016204833984
775,-2.306608200073242
776,-0.23843050003051758
777,-0.7383689880371094
778,1.2743873596191406
779,-0.0640404224395752
780,-0.24275779724121094
781,-2.4717273712158203
782,0.2973194122314453
783,-0.3949880599975586
784,1.385030746459961
785,-0.09806561470031738
786,-0.4469890594482422
787,-1.2346057891845703
788,0.9402241706848145
789,0.0386810302734375
790,2.469818115234375
791,-0.09536552429199219
792,1.7084484100341797
793,-8.791404724121094
794,-7.4315080642700195
795,1.723280906677246
796,-8.021827697753906
797,-7.667530059814453
798,1.711918830871582
799,-8.003664016723633
800,-7.666563034057617
801,1.7039594650268555
802,-7.98806095123291
803,-7.66849422454834
804,1.7338666915893555
805,-8.098999977111816
806,-7.429337501525879
807,1.7351865768432617
808,-8.133660316467285
809,-7.429513931274414
810,1.7357940673828125
811,-8.16617488861084
812,-7.430386543273926
813,1.6236095428466797
814,-8.32839584350586
815,-7.902108192443848
816,1.648289680480957
817,-8.60096263885498
818,-6.709160804748535
819,1.5857868194580078
820,-9.642072677612305
821,-7.395236968994141
822,1.6253280639648438
823,-9.782201766967773
824,-7.100393295288086
825,1.1762170791625977
826,-10.141349792480469
827,-8.113409996032715
828,0.9878139495849609
829,-9.946298599243164
830,-4.290433883666992
831,2.0540857315063477
832,-13.175352096557617
833,-7.711878776550293
834,1.4477605819702148
835,-12.207660675048828
836,-4.328798770904541
837,2.8313512802124023
838,-14.596553802490234
839,-8.022608757019043
840,2.405543327331543
841,-13.645526885986328
842,-5.154020309448242
843,3.068631172180176
844,-14.752787590026855
845,-8.705071449279785
846,2.4117136001586914
847,-13.780771255493164
848,-5.166955947875977
849,3.1554079055786133
850,-14.632813453674316
851,-8.284832000732422
852,2.6592187881469727
853,-13.912799835205078
854,-5.247413158416748
855,3.1145219802856445
856,-14.593025207519531
857,-7.901700973510742
858,2.3594961166381836
859,-13.838085174560547
860,-5.264200687408447
861,-0.5543603897094727
862,-6.381268501281738
863,-4.078067302703857
864,-0.6411399841308594
865,-6.363539695739746
866,-0.7559283971786499
867,-1.2831459045410156
868,-5.100118637084961
869,-7.327195167541504
870,-2.0188779830932617
871,-4.073248863220215
872,-1.128965139389038
873,-0.36078453063964844
874,-3.537555694580078
875,-4.533594131469727
876,-1.0502843856811523
877,-0.8394775390625
878,-0.06044197082519531
879,-0.26435375213623047
880,-3.9402103424072266
881,-4.148742198944092
882,-0.7716827392578125
883,-0.8703098297119141
884,0.12238359451293945
885,-0.48177623748779297
886,-1.3812885284423828
887,-3.440819263458252
888,-0.2988290786743164
889,1.3103790283203125
890,0.2360703945159912
891,2.5613622665405273
892,-12.43364143371582
893,-3.7654366493225098
894,2.7875490188598633
895,-12.290596008300781
896,-4.094906806945801
897,2.783806800842285
898,-12.205928802490234
899,-4.095061302185059
900,2.7924718856811523
901,-12.175216674804688
902,-4.0971503257751465
903,2.7777090072631836
904,-12.298248291015625
905,-3.4954159259796143
906,2.7873926162719727
907,-12.264594078063965
908,-3.494786262512207
909,2.796719551086426
910,-12.242671966552734
911,-3.4963936805725098
912,2.611994743347168
913,-11.697603225708008
914,-4.878223419189453
915,2.654911994934082
916,-11.885074615478516
917,-2.1593146324157715
918,2.4178972244262695
919,-12.355941772460938
920,-3.9885244369506836
921,2.3880319595336914
922,-12.393409729003906
923,-3.2166545391082764
924,1.9193124771118164
925,-11.355274200439453
926,-6.299607276916504
927,1.6583747863769531
928,-11.584199905395508
929,-0.39048242568969727
930,2.09237003326416
931,-13.859148025512695
932,-7.639773368835449
933,1.7393722534179688
934,-13.6791353225708
935,0.16736245155334473
936,2.6934995651245117
937,-15.821854591369629
938,-7.934086799621582
939,2.423794746398926
940,-15.381148338317871
941,-2.586458206176758
942,2.8407392501831055
943,-16.158206939697266
944,-8.635862350463867
945,2.606247901916504
946,-15.510356903076172
947,-2.2536582946777344
948,2.9842939376831055
949,-15.986255645751953
950,-8.286314010620117
951,2.5931692123413086
952,-15.341338157653809
953,-2.394897937774658
954,2.8969297409057617
955,-15.91390323638916
956,-7.817859649658203
957,2.4852304458618164
958,-15.372533798217773
959,-2.509434461593628
960,-0.40891265869140625
961,-7.466041564941406
962,-4.091643333435059
963,-0.6089563369750977
964,-7.637579917907715
965,-0.7424821853637695
966,-0.5065345764160156
967,-8.864557266235352
968,-6.389542579650879
969,-2.576150894165039
970,-6.054108619689941
971,-0.8194177150726318
972,0.3924522399902344
973,-8.465522766113281
974,-3.5684823989868164
975,-1.420058250427246
976,-2.7744998931884766
977,0.3094809055328369
978,0.5743503570556641
979,-8.64318561553955
980,-3.067007303237915
981,-1.0227079391479492
982,-2.9003849029541016
983,0.48993659019470215
984,0.6314659118652344
985,-8.017599105834961
986,-1.8395546674728394
987,-1.0901880264282227
988,-0.8284797668457031
989,0.6902503967285156
990,2.8001108169555664
991,-12.811328887939453
992,-3.7106595039367676
993,3.0143632888793945
994,-12.749483108520508
995,-4.042775630950928
996,3.02932071685791
997,-12.682731628417969
998,-4.043056488037109
999,3.0561094284057617
1000,-12.597845077514648
1001,-4.044144630432129
1002,3.000096321105957
1003,-12.817085266113281
1004,-3.3684911727905273
1005,3.0074281692504883
1006,-12.80121898651123
1007,-3.368793487548828
1008,3.014521598815918
1009,-12.783794403076172
1010,-3.369601249694824
1011,3.1130495071411133
1012,-11.9723482131958
1013,-4.8966875076293945
1014,3.0575170516967773
1015,-12.204971313476562
1016,-1.8570775985717773
1017,2.6738595962524414
1018,-12.465868949890137
1019,-3.9893994331359863
1020,2.636366844177246
1021,-12.560733795166016
1022,-3.114807367324829
1023,2.5223474502563477
1024,-10.73791217803955
1025,-6.531500816345215
1026,1.954085350036621
1027,-11.647101402282715
1028,-0.10165548324584961
1029,1.748335838317871
1030,-13.144438743591309
1031,-7.673946380615234
1032,1.5336666107177734
1033,-13.868017196655273
1034,0.5249736309051514
1035,1.929112434387207
1036,-16.058130264282227
1037,-8.184188842773438
1038,1.7534093856811523
1039,-16.27268409729004
1040,-1.5620169639587402
1041,1.9873933792114258
1042,-16.712987899780273
1043,-9.01159381866455
1044,1.8285188674926758
1045,-16.808151245117188
1046,-1.657344102859497
1047,2.0999441146850586
1048,-16.721969604492188
1049,-8.31283187866211
1050,1.8561067581176758
1051,-16.844141006469727
1052,-2.1527459621429443
1053,2.0674867630004883
1054,-16.519765853881836
1055,-8.106760025024414
1056,1.826573371887207
1057,-16.68922996520996
1058,-1.8272156715393066
1059,-0.2083873748779297
1060,-7.438855171203613
1061,-4.383896827697754
1062,-0.3771696090698242
1063,-7.947357177734375
1064,-0.45327305793762207
1065,-2.5174636840820312
1066,-8.699979782104492
1067,-6.4833574295043945
1068,-2.466726303100586
1069,-8.332730293273926
1070,-0.537745475769043
1071,-1.9096717834472656
1072,-5.224185943603516
1073,-2.051356077194214
1074,-1.9302854537963867
1075,-4.697159767150879
1076,2.726226568222046
1077,-1.5986328125
1078,-4.780401229858398
1079,-1.4627771377563477
1080,-1.5790252685546875
1081,-4.402655601501465
1082,3.0332114696502686
1083,-2.483464241027832
1084,-3.78147029876709
1085,-0.40471673011779785
1086,-2.3892593383789062
1087,-3.3416013717651367
1088,3.4706079959869385
1089,2.93453311920166
1090,-12.881216049194336
1091,-3.3494222164154053
1092,3.1802072525024414
1093,-12.911874771118164
1094,-3.7763328552246094
1095,3.2018556594848633
1096,-12.849519729614258
1097,-3.7768445014953613
1098,3.2266664505004883
1099,-12.782601356506348
1100,-3.7776684761047363
1101,3.177687644958496
1102,-12.959794998168945
1103,-3.1536567211151123
1104,3.195378303527832
1105,-12.935186386108398
1106,-3.15439772605896
1107,3.2148752212524414
1108,-12.907974243164062
1109,-3.1549692153930664
1110,3.333449363708496
1111,-12.15241527557373
1112,-4.800228595733643
1113,3.306563377380371
1114,-12.351835250854492
1115,-2.0091686248779297
1116,2.808650016784668
1117,-12.48842716217041
1118,-3.679217576980591
1119,2.7925634384155273
1120,-12.557693481445312
1121,-2.8670458793640137
1122,2.7528486251831055
1123,-10.635972023010254
1124,-6.301972389221191
1125,2.543238639831543
1126,-11.075471878051758
1127,-0.1623227596282959
1128,1.4994468688964844
1129,-12.865716934204102
1130,-7.3974714279174805
1131,1.3294248580932617
1132,-12.97703742980957
1133,0.9502642154693604
1134,1.467045783996582
1135,-15.723910331726074
1136,-6.946804046630859
1137,1.657526969909668
1138,-15.1787109375
1139,-0.28487467765808105
1140,1.4488334655761719
1141,-16.443687438964844
1142,-7.619339942932129
1143,1.4035043716430664
1144,-15.712194442749023
1145,-0.3466522693634033
1146,1.9085359573364258
1147,-16.476337432861328
1148,-7.161613464355469
1149,1.5350542068481445
1150,-15.631359100341797
1151,-0.9560954570770264
1152,1.7120256423950195
1153,-16.160715103149414
1154,-6.788618087768555
1155,1.5318727493286133
1156,-15.438457489013672
1157,-0.5881803035736084
1158,-0.03793048858642578
1159,-7.6621809005737305
1160,-4.365830421447754
1161,0.00030422210693359375
1162,-8.379273414611816
1163,-0.47109389305114746
1164,-2.2400856018066406
1165,-10.735831260681152
1166,-5.485264778137207
1167,-1.4756155014038086
1168,-11.6808443069458
1169,0.09160852432250977
1170,-2.7284278869628906
1171,-6.9004974365234375
1172,-2.164154052734375
1173,-2.0155534744262695
1174,-8.95608139038086
1175,2.7757909297943115
1176,-2.5657548904418945
1177,-6.1534881591796875
1178,-1.5746705532073975
1179,-1.9237957000732422
1180,-8.291130065917969
1181,3.056847333908081
1182,-3.8120546340942383
1183,-6.324097633361816
1184,-1.2275925874710083
1185,-2.630098342895508
1186,-9.016512870788574
1187,3.6502420902252197
1188,3.105380058288574
1189,-12.749565124511719
1190,-4.692996501922607
1191,3.3319311141967773
1192,-12.668737411499023
1193,-5.128436088562012
1194,3.3421525955200195
1195,-12.602609634399414
1196,-5.127483367919922
1197,3.353671073913574
1198,-12.538301467895508
1199,-5.127857208251953
1200,3.330733299255371
1201,-12.740036964416504
1202,-4.486224174499512
1203,3.34444522857666
1204,-12.715348243713379
1205,-4.4895524978637695
1206,3.358260154724121
1207,-12.69383430480957
1208,-4.491718292236328
1209,3.350754737854004
1210,-11.960641860961914
1211,-6.008951187133789
1212,3.3583383560180664
1213,-12.143068313598633
1214,-3.1744415760040283
1215,2.945816993713379
1216,-12.403305053710938
1217,-4.9876251220703125
1218,2.930771827697754
1219,-12.497154235839844
1220,-4.1644792556762695
1221,2.5503015518188477
1222,-10.395939826965332
1223,-7.183791160583496
1224,2.5581846237182617
1225,-11.332037925720215
1226,-1.208441972732544
1227,1.4343509674072266
1228,-10.517929077148438
1229,-7.656676292419434
1230,1.2613401412963867
1231,-12.629148483276367
1232,-0.07378578186035156
1233,0.5376644134521484
1234,-11.819177627563477
1235,-7.006811141967773
1236,1.0148801803588867
1237,-14.978602409362793
1238,-1.4418911933898926
1239,0.32660675048828125
1240,-12.035117149353027
1241,-7.536175727844238
1242,0.8216581344604492
1243,-15.553210258483887
1244,-1.5432641506195068
1245,0.5221357345581055
1246,-12.217653274536133
1247,-7.521259307861328
1248,0.9389581680297852
1249,-15.719751358032227
1250,-2.217805862426758
1251,0.5767059326171875
1252,-12.135470390319824
1253,-6.993767738342285
1254,1.011631965637207
1255,-15.474806785583496
1256,-1.794884204864502
1257,-0.01567554473876953
1258,-7.940995216369629
1259,-4.420087814331055
1260,0.14291667938232422
1261,-8.793405532836914
1262,-0.41745734214782715
1263,-1.4212589263916016
1264,-12.478475570678711
1265,-6.0079193115234375
1266,-0.04194450378417969
1267,-12.995929718017578
1268,0.3857550621032715
1269,-3.0179338455200195
1270,-9.735831260681152
1271,-3.8347933292388916
1272,-0.7045927047729492
1273,-13.373598098754883
1274,1.4194025993347168
1275,-3.092355728149414
1276,-8.97848892211914
1277,-3.531639337539673
1278,-0.9033298492431641
1279,-13.276981353759766
1280,1.460282564163208
1281,-4.170769691467285
1282,-10.078036308288574
1283,-3.386613368988037
1284,-0.7379722595214844
1285,-14.224811553955078
1286,1.398353099822998
1287,3.1706533432006836
1288,-12.40796184539795
1289,-4.681770324707031
1290,3.365891456604004
1291,-12.259944915771484
1292,-5.119870185852051
1293,3.3680219650268555
1294,-12.198345184326172
1295,-5.120222091674805
1296,3.373082160949707
1297,-12.128877639770508
1298,-5.120907783508301
1299,3.366440773010254
1300,-12.312925338745117
1301,-4.479153156280518
1302,3.370181083679199
1303,-12.285904884338379
1304,-4.4813995361328125
1305,3.3742055892944336
1306,-12.262229919433594
1307,-4.4828338623046875
1308,3.3052988052368164
1309,-11.573108673095703
1310,-6.05081844329834
1311,3.326857566833496
1312,-11.72923469543457
1313,-3.175388813018799
1314,2.987227439880371
1315,-12.156932830810547
1316,-4.9858503341674805
1317,2.9839353561401367
1318,-12.219002723693848
1319,-4.147399425506592
1320,2.3045873641967773
1321,-10.312289237976074
1322,-7.398253440856934
1323,2.362399101257324
1324,-10.899913787841797
1325,-1.118188500404358
1326,0.971923828125
1327,-12.063960075378418
1328,-7.913483619689941
1329,1.1265764236450195
1330,-12.105537414550781
1331,-0.30059313774108887
1332,0.2612133026123047
1333,-14.633340835571289
1334,-7.5070695877075195
1335,0.07328987121582031
1336,-13.942022323608398
1337,-1.5865716934204102
1338,0.14908695220947266
1339,-15.273391723632812
1340,-8.17694091796875
1341,0.07843685150146484
1342,-14.306295394897461
1343,-1.6914204359054565
1344,0.35697078704833984
1345,-15.228979110717773
1346,-7.973698616027832
1347,0.054207801818847656
1348,-14.359457015991211
1349,-2.4028642177581787
1350,0.3732175827026367
1351,-14.959954261779785
1352,-7.437524795532227
1353,0.036149024963378906
1354,-14.18806266784668
1355,-1.9493950605392456
1356,-0.07764530181884766
1357,-8.064899444580078
1358,-4.483080863952637
1359,0.07000732421875
1360,-8.236411094665527
1361,-0.3541717529296875
1362,-0.4296131134033203
1363,-12.834589958190918
1364,-5.3570756912231445
1365,0.6279439926147461
1366,-12.655298233032227
1367,0.4112398624420166
1368,-2.8276309967041016
1369,-12.28519058227539
1370,-3.7685892581939697
1371,-0.8547220230102539
1372,-12.996833801269531
1373,1.7167646884918213
1374,-3.085930824279785
1375,-11.682867050170898
1376,-3.593451499938965
1377,-1.1060218811035156
1378,-12.752368927001953
1379,1.7424161434173584
1380,-3.4324159622192383
1381,-14.091289520263672
1382,-4.06773567199707
1383,-1.0499811172485352
1384,-14.237848281860352
1385,1.6192681789398193
1386,3.214261054992676
1387,-12.151798248291016
1388,-4.966577529907227
1389,3.394625663757324
1390,-11.492515563964844
1391,-5.427334785461426
1392,3.3878488540649414
1393,-11.428779602050781
1394,-5.426639556884766
1395,3.3808279037475586
1396,-11.383406639099121
1397,-5.427403450012207
1398,3.40010929107666
1399,-11.53392219543457
1400,-4.784895896911621
1401,3.396927833557129
1402,-11.49353313446045
1403,-4.787378311157227
1404,3.392510414123535
1405,-11.465852737426758
1406,-4.78865909576416
1407,3.241114616394043
1408,-10.790769577026367
1409,-6.4494524002075195
1410,3.272030830383301
1411,-10.88741397857666
1412,-3.53739070892334
1413,2.994072914123535
1414,-12.071843147277832
1415,-5.279093265533447
1416,2.997218132019043
1417,-12.205482482910156
1418,-4.440759658813477
1419,2.17604923248291
1420,-10.155078887939453
1421,-7.333260536193848
1422,2.21230411529541
1423,-10.736343383789062
1424,-1.6327760219573975
1425,0.6173868179321289
1426,-11.796707153320312
1427,-6.72371768951416
1428,0.9388847351074219
1429,-11.331192016601562
1430,-0.8057470321655273
1431,0.37726688385009766
1432,-13.430445671081543
1433,-4.40402889251709
1434,0.286102294921875
1435,-12.659076690673828
1436,-1.7117234468460083
1437,0.29806041717529297
1438,-14.392013549804688
1439,-4.705249786376953
1440,0.2307567596435547
1441,-12.925992965698242
1442,-1.689688801765442
1443,0.5206613540649414
1444,-14.22034740447998
1445,-4.526391983032227
1446,0.2593879699707031
1447,-13.017964363098145
1448,-2.338167905807495
1449,0.5301961898803711
1450,-13.815542221069336
1451,-4.278107643127441
1452,0.25615882873535156
1453,-12.948150634765625
1454,-2.0143251419067383
1455,-0.17851543426513672
1456,-8.28913688659668
1457,-4.394311904907227
1458,-0.06910419464111328
1459,-8.386795997619629
1460,-0.44422101974487305
1461,1.4577112197875977
1462,-11.80449104309082
1463,-4.61604118347168
1464,0.5153255462646484
1465,-12.384967803955078
1466,-0.6105713844299316
1467,-0.00018596649169921875
1468,-13.514050483703613
1469,-3.0847346782684326
1470,-1.7052125930786133
1471,-13.951887130737305
1472,-0.8012011051177979
1473,-0.47234153747558594
1474,-13.525188446044922
1475,-2.9891107082366943
1476,-2.1591854095458984
1477,-13.643177032470703
1478,-0.8557612895965576
1479,0.4081401824951172
1480,-14.850625038146973
1481,-3.266934871673584
1482,-1.8469295501708984
1483,-15.74913215637207
1484,-1.3164818286895752
1485,3.1183385848999023
1486,-10.434309959411621
1487,-5.738958835601807
1488,3.2414865493774414
1489,-10.05350112915039
1490,-6.203906059265137
1491,3.227166175842285
1492,-10.031731605529785
1493,-6.203038215637207
1494,3.2071752548217773
1495,-10.018569946289062
1496,-6.203428268432617
1497,3.2441186904907227
1498,-10.074386596679688
1499,-5.751899242401123
1500,3.23075008392334
1501,-10.069141387939453
1502,-5.754782676696777
1503,3.209425926208496
1504,-10.073165893554688
1505,-5.755926132202148
1506,2.9049768447875977
1507,-10.0248384475708
1508,-7.11008358001709
1509,3.1382951736450195
1510,-9.784564971923828
1511,-5.087590217590332
1512,2.8575563430786133
1513,-10.561984062194824
1514,-5.975144386291504
1515,2.9035654067993164
1516,-10.413972854614258
1517,-5.388486862182617
1518,1.7115163803100586
1519,-10.149250984191895
1520,-7.491077423095703
1521,2.13638973236084
1522,-9.980216979980469
1523,-3.328984498977661
1524,0.6655063629150391
1525,-11.667006492614746
1526,-6.664470672607422
1527,1.1052885055541992
1528,-11.023214340209961
1529,-2.264430284500122
1530,1.0886554718017578
1531,-12.386506080627441
1532,-4.853997230529785
1533,0.6730718612670898
1534,-11.928665161132812
1535,-2.6404147148132324
1536,1.0773649215698242
1537,-12.773188591003418
1538,-5.351985931396484
1539,0.4439506530761719
1540,-12.08725357055664
1541,-2.6831393241882324
1542,1.2520742416381836
1543,-12.584271430969238
1544,-5.382781982421875
1545,0.4046306610107422
1546,-12.056668281555176
1547,-3.271770477294922
1548,1.2409553527832031
1549,-12.396169662475586
1550,-4.8559250831604
1551,0.4944467544555664
1552,-12.059661865234375
1553,-2.8824782371520996
1554,-0.5451841354370117
1555,-8.69954776763916
1556,-4.172929763793945
1557,-0.11783218383789062
1558,-8.545450210571289
1559,-0.6637247800827026
1560,1.200216293334961
1561,-12.489582061767578
1562,-4.7167510986328125
1563,1.421900749206543
1564,-12.124037742614746
1565,-0.6116454601287842
1566,-0.4565858840942383
1567,-15.125871658325195
1568,-3.19012188911438
1569,-0.8779315948486328
1570,-14.558067321777344
1571,0.13371539115905762
1572,-0.9231710433959961
1573,-14.908720016479492
1574,-3.07889461517334
1575,-1.5740480422973633
1576,-14.489121437072754
1577,0.17714428901672363
1578,-0.3807716369628906
1579,-16.643474578857422
1580,-3.6311428546905518
1581,-0.6848125457763672
1582,-16.156646728515625
1583,-0.22081470489501953
1584,0.26641178131103516
1585,-7.015695571899414
1586,-2.123821496963501
1587,0.17433929443359375
1588,-6.849981307983398
1589,-2.2357122898101807
1590,0.15543174743652344
1591,-6.848755836486816
1592,-2.235053300857544
1593,0.13673877716064453
1594,-6.849059104919434
1595,-2.235476493835449
1596,0.19405269622802734
1597,-6.862892150878906
1598,-2.0110321044921875
1599,0.18741512298583984
1600,-6.872095108032227
1601,-2.011089324951172
1602,0.18062591552734375
1603,-6.881414413452148
1604,-2.0126163959503174
1605,0.03543281555175781
1606,-7.017830848693848
1607,-2.3953726291656494
1608,0.07834053039550781
1609,-7.0506086349487305
1610,-1.3696961402893066
1611,0.23230457305908203
1612,-7.237545967102051
1613,-2.182424783706665
1614,0.26296138763427734
1615,-7.2493696212768555
1616,-1.8902583122253418
1617,-0.04003429412841797
1618,-7.804262161254883
1619,-3.024080991744995
1620,0.16544151306152344
1621,-7.998823165893555
1622,-0.8115326166152954
1623,0.2122507095336914
1624,-6.527636528015137
1625,-3.695535659790039
1626,0.5498456954956055
1627,-6.756117820739746
1628,-0.6687417030334473
1629,0.35466766357421875
1630,-5.503095626831055
1631,-2.731935501098633
1632,0.8819561004638672
1633,-5.184247016906738
1634,-1.8405444622039795
1635,0.4284801483154297
1636,-5.322820663452148
1637,-2.8114283084869385
1638,1.0000181198120117
1639,-4.863614082336426
1640,-2.065746307373047
1641,0.36798858642578125
1642,-5.420506477355957
1643,-2.719160795211792
1644,0.9482583999633789
1645,-4.8978118896484375
1646,-2.167159080505371
1647,0.3445901870727539
1648,-5.499320983886719
1649,-2.684507131576538
1650,0.9078645706176758
1651,-4.98939323425293
1652,-1.9361323118209839
1653,0.1470165252685547
1654,-11.881940841674805
1655,-3.516674518585205
1656,0.21665382385253906
1657,-11.557699203491211
1658,-1.3289475440979004
1659,2.150162696838379
1660,-11.234762191772461
1661,-4.324797630310059
1662,1.4895153045654297
1663,-8.997129440307617
1664,-0.9525887966156006
1665,1.010432243347168
1666,-14.31187629699707
1667,-4.351999282836914
1668,1.3413963317871094
1669,-10.195834159851074
1670,-1.4209352731704712
1671,0.6128358840942383
1672,-14.669268608093262
1673,-4.281370162963867
1674,1.1776123046875
1675,-10.397558212280273
1676,-1.5062758922576904
1677,1.736830711364746
1678,-15.620741844177246
1679,-4.170187473297119
1680,1.523514747619629
1681,-10.61032485961914
1682,-1.640787124633789
1683,1.6326990127563477
1684,-5.454799652099609
1685,-3.494760036468506
1686,1.5689373016357422
1687,-5.128069877624512
1688,-3.8801896572113037
1689,1.5484743118286133
1690,-5.113717079162598
1691,-3.8804681301116943
1692,1.5244646072387695
1693,-5.032563209533691
1694,-3.8807473182678223
1695,1.5742521286010742
1696,-5.117352485656738
1697,-3.392164945602417
1698,1.5564632415771484
1699,-5.094512939453125
1700,-3.392190933227539
1701,1.5366296768188477
1702,-5.00825309753418
1703,-3.393569231033325
1704,1.246530532836914
1705,-4.962679862976074
1706,-4.85603141784668
1707,1.2918739318847656
1708,-4.942798614501953
1709,-2.6956348419189453
1710,1.4657173156738281
1711,-5.670991897583008
1712,-3.800446033477783
1713,1.4731740951538086
1714,-5.64915657043457
1715,-3.1735424995422363
1716,0.4187135696411133
1717,-6.794018745422363
1718,-5.958294868469238
1719,0.667332649230957
1720,-6.20242977142334
1721,-1.0271940231323242
1722,0.7830438613891602
1723,-9.3489351272583
1724,-6.362751483917236
1725,0.9607648849487305
1726,-7.874288558959961
1727,1.2013230323791504
1728,1.9811811447143555
1729,-10.159014701843262
1730,-6.060973167419434
1731,1.7711257934570312
1732,-7.413763046264648
1733,2.4887611865997314
1734,2.2976160049438477
1735,-10.57478141784668
1736,-6.387718200683594
1737,1.9353628158569336
1738,-7.311104774475098
1739,2.7939975261688232
1740,2.3178606033325195
1741,-10.143363952636719
1742,-6.454048156738281
1743,2.075587272644043
1744,-7.105932235717773
1745,2.505877733230591
1746,2.1933813095092773
1747,-9.97336196899414
1748,-6.052893161773682
1749,2.003706932067871
1750,-7.2017364501953125
1751,2.3861892223358154
1752,0.30251598358154297
1753,-11.335308074951172
1754,-3.911229133605957
1755,0.6006832122802734
1756,-10.510351181030273
1757,-0.9259974956512451
1758,2.329474449157715
1759,-10.42173957824707
1760,-4.360245227813721
1761,2.2146100997924805
1762,-9.072154998779297
1763,-0.9520488977432251
1764,1.9463109970092773
1765,-13.904638290405273
1766,-2.747753858566284
1767,2.0376596450805664
1768,-12.315200805664062
1769,-0.6809043884277344
1770,1.6789274215698242
1771,-14.513127326965332
1772,-2.503683567047119
1773,1.7483196258544922
1774,-12.861777305603027
1775,-0.6551493406295776
1776,2.8814611434936523
1777,-14.43252944946289
1778,-2.2494759559631348
1779,2.756730079650879
1780,-13.162784576416016
1781,-0.5992282629013062
1782,1.0645942687988281
1783,-4.090921401977539
1784,-4.2459821701049805
1785,1.024214744567871
1786,-4.034523010253906
1787,-4.480888366699219
1788,1.0476570129394531
1789,-4.049338340759277
1790,-4.481402397155762
1791,1.027073860168457
1792,-4.06220817565918
1793,-4.482490062713623
1794,1.0366849899291992
1795,-3.9648141860961914
1796,-4.166045188903809
1797,1.0205507278442383
1798,-3.965259552001953
1799,-4.166699409484863
1800,1.0006599426269531
1801,-3.958423614501953
1802,-4.168116569519043
1803,0.7816915512084961
1804,-4.270293235778809
1805,-4.827360153198242
1806,0.8142547607421875
1807,-4.144396781921387
1808,-3.4371395111083984
1809,0.9828786849975586
1810,-4.32309627532959
1811,-4.3289337158203125
1812,1.0049028396606445
1813,-4.299358367919922
1814,-3.920663356781006
1815,0.49747753143310547
1816,-5.852564811706543
1817,-5.514589309692383
1818,0.6741762161254883
1819,-5.249393463134766
1820,-2.007808208465576
1821,0.9309244155883789
1822,-8.149377822875977
1823,-5.523296356201172
1824,0.877894401550293
1825,-7.570804595947266
1826,-1.2792991399765015
1827,1.8133478164672852
1828,-8.935442924499512
1829,-5.114137172698975
1830,1.655320167541504
1831,-7.969853401184082
1832,-1.1113920211791992
1833,1.9551382064819336
1834,-9.195843696594238
1835,-5.422609329223633
1836,1.5533161163330078
1837,-8.124368667602539
1838,-0.8380682468414307
1839,1.9933500289916992
1840,-8.980378150939941
1841,-5.393876075744629
1842,2.0462846755981445
1843,-8.078343391418457
1844,-1.3939945697784424
1845,1.929518699645996
1846,-8.887433052062988
1847,-5.100120544433594
1848,1.7624893188476562
1849,-8.06043529510498
1850,-1.2877638339996338
1851,0.4420299530029297
1852,-9.884007453918457
1853,-3.82260799407959
1854,0.64849853515625
1855,-9.240876197814941
1856,-1.0181571245193481
1857,2.313035011291504
1858,-8.668670654296875
1859,-4.91323184967041
1860,2.217482566833496
1861,-7.754458427429199
1862,-1.5898616313934326
1863,3.121535301208496
1864,-12.289722442626953
1865,-5.131852149963379
1866,3.015261650085449
1867,-11.510517120361328
1868,-2.2308754920959473
1869,3.044247627258301
1870,-13.167190551757812
1871,-5.161240577697754
1872,2.8673887252807617
1873,-11.993644714355469
1874,-2.334813117980957
1875,4.186903953552246
1876,-12.228646278381348
1877,-5.8859405517578125
1878,3.918013572692871
1879,-12.937358856201172
1880,-2.7106010913848877
1881,0.09447574615478516
1882,-3.321390151977539
1883,-5.785953521728516
1884,-0.071258544921875
1885,-3.47586727142334
1886,-6.043261528015137
1887,-0.07279014587402344
1888,-3.5247669219970703
1889,-6.04343843460083
1890,-0.0801849365234375
1891,-3.5909204483032227
1892,-6.0445756912231445
1893,-0.062394142150878906
1894,-3.427157402038574
1895,-5.640533924102783
1896,-0.06548595428466797
1897,-3.443767547607422
1898,-5.642244338989258
1899,-0.06760025024414062
1900,-3.462407112121582
1901,-5.642764091491699
1902,-0.08600521087646484
1903,-4.058584213256836
1904,-6.407064437866211
1905,-0.065185546875
1906,-3.872859001159668
1907,-4.632535934448242
1908,0.23885631561279297
1909,-3.6396093368530273
1910,-5.886795997619629
1911,0.252349853515625
1912,-3.5449399948120117
1913,-5.365915298461914
1914,0.3967399597167969
1915,-5.9421234130859375
1916,-7.058274269104004
1917,0.5797052383422852
1918,-4.842999458312988
1919,-2.715388059616089
1920,1.0775527954101562
1921,-8.08170223236084
1922,-6.748900413513184
1923,1.2421140670776367
1924,-6.590417861938477
1925,-1.6147735118865967
1926,2.0589075088500977
1927,-8.45458984375
1928,-6.092026233673096
1929,1.9357919692993164
1930,-7.068824768066406
1931,-1.4817545413970947
1932,2.2902517318725586
1933,-8.672471046447754
1934,-6.6772308349609375
1935,2.035630226135254
1936,-7.149832725524902
1937,-1.2076151371002197
1938,2.279360771179199
1939,-8.352802276611328
1940,-6.640485763549805
1941,2.114424705505371
1942,-7.146518707275391
1943,-1.858231782913208
1944,2.1879167556762695
1945,-8.27004337310791
1946,-6.086827278137207
1947,2.0533323287963867
1948,-7.161602020263672
1949,-1.6970438957214355
1950,0.4972095489501953
1951,-9.854171752929688
1952,-3.9174716472625732
1953,0.6758432388305664
1954,-8.779352188110352
1955,-0.9168472290039062
1956,2.612887382507324
1957,-8.27609634399414
1958,-4.734172821044922
1959,2.312556266784668
1960,-6.206655502319336
1961,-1.4093273878097534
1962,4.173184394836426
1963,-9.715834617614746
1964,-4.150912761688232
1965,4.031105995178223
1966,-8.791382789611816
1967,-1.13681960105896
1968,4.335104942321777
1969,-10.360241889953613
1970,-4.0567193031311035
1971,4.112044334411621
1972,-9.421725273132324
1973,-1.1526497602462769
1974,5.000121116638184
1975,-8.634647369384766
1976,-4.880702972412109
1977,4.781662940979004
1978,-8.537650108337402
1979,-2.0914599895477295
1980,-0.4614849090576172
1981,-3.637051582336426
1982,-9.948472023010254
1983,-0.6856260299682617
1984,-3.844326972961426
1985,-9.956249237060547
1986,-0.6988897323608398
1987,-3.9183950424194336
1988,-9.956060409545898
1989,-0.7105293273925781
1990,-3.9945125579833984
1991,-9.957748413085938
1992,-0.6771535873413086
1993,-3.7406883239746094
1994,-9.726906776428223
1995,-0.6857070922851562
1996,-3.745363235473633
1997,-9.730989456176758
1998,-0.6931056976318359
1999,-3.7529373168945312
2000,-9.732447624206543
2001,-0.6678495407104492
2002,-4.44525146484375
2003,-9.06134033203125
2004,-0.6688041687011719
2005,-4.14505672454834
2006,-8.044028282165527
2007,-0.2789773941040039
2008,-3.9473304748535156
2009,-9.560348510742188
2010,-0.2613868713378906
2011,-3.7696332931518555
2012,-9.261211395263672
2013,0.2065715789794922
2014,-6.186144828796387
2015,-8.291611671447754
2016,0.5174808502197266
2017,-4.531135559082031
2018,-5.5620927810668945
2019,1.307459831237793
2020,-7.855521202087402
2021,-6.9234619140625
2022,2.1670446395874023
2023,-4.782792091369629
2024,-5.619960784912109
2025,1.8654775619506836
2026,-6.994589805603027
2027,-6.196720123291016
2028,3.4570798873901367
2029,-4.7502851486206055
2030,-7.5014190673828125
2031,2.0832700729370117
2032,-6.976639747619629
2033,-6.766923904418945
2034,4.051247596740723
2035,-4.664863586425781
2036,-7.807231903076172
2037,1.959437370300293
2038,-6.424534797668457
2039,-6.940651893615723
2040,4.035885810852051
2041,-4.688985824584961
2042,-8.5596923828125
2043,1.8826265335083008
2044,-6.458426475524902
2045,-6.281911849975586
2046,4.028307914733887
2047,-4.858518600463867
2048,-7.860055923461914
2049,0.4501008987426758
2050,-9.290299415588379
2051,-3.80426025390625
2052,0.6946430206298828
2053,-8.18425178527832
2054,-1.02176833152771
2055,1.873530387878418
2056,-6.533657073974609
2057,-5.5840301513671875
2058,2.196242332458496
2059,-5.279211044311523
2060,-3.083223819732666
2061,4.090163230895996
2062,-6.643840789794922
2063,-4.9767351150512695
2064,4.56221866607666
2065,-6.344073295593262
2066,-2.868593692779541
2067,4.443137168884277
2068,-7.008851051330566
2069,-4.920334815979004
2070,4.877734184265137
2071,-6.833439826965332
2072,-2.8931691646575928
2073,4.625311851501465
2074,-5.229486465454102
2075,-6.394084930419922
2076,5.285490989685059
2077,-5.234464645385742
2078,-4.262681484222412
2079,-0.37578392028808594
2080,-4.355253219604492
2081,-11.537203788757324
2082,-0.42036914825439453
2083,-4.6317901611328125
2084,-11.821710586547852
2085,-0.38550472259521484
2086,-4.648593902587891
2087,-11.823342323303223
2088,-0.35708045959472656
2089,-4.680420875549316
2090,-11.824934959411621
2091,-0.5580158233642578
2092,-4.641982078552246
2093,-11.83729362487793
2094,-0.6121978759765625
2095,-4.647342681884766
2096,-11.839367866516113
2097,-0.6675205230712891
2098,-4.679620742797852
2099,-11.842543601989746
2100,-0.3905820846557617
2101,-4.561184883117676
2102,-10.998800277709961
2103,-0.6621026992797852
2104,-4.626002311706543
2105,-11.168769836425781
2106,-0.15962886810302734
2107,-4.863442420959473
2108,-10.990119934082031
2109,-0.3286247253417969
2110,-4.77850341796875
2111,-11.046091079711914
2112,1.1898860931396484
2113,-5.28717041015625
2114,-9.218965530395508
2115,-0.2952451705932617
2116,-5.572014808654785
2117,-8.672493934631348
2118,3.076655387878418
2119,-3.6290884017944336
2120,-9.334002494812012
2121,-0.419525146484375
2122,-5.509034156799316
2123,-7.4563093185424805
2124,3.9825754165649414
2125,-2.498453140258789
2126,-10.319256782531738
2127,-0.2462606430053711
2128,-5.835543632507324
2129,-6.897879600524902
2130,4.2168779373168945
2131,-1.8557090759277344
2132,-11.081457138061523
2133,-0.46837711334228516
2134,-5.763151168823242
2135,-7.071410179138184
2136,4.001723289489746
2137,-1.4921302795410156
2138,-10.863226890563965
2139,-0.19867324829101562
2140,-5.636277198791504
2141,-7.598879814147949
2142,4.010481834411621
2143,-1.886892318725586
2144,-10.2649507522583
2145,-0.005959510803222656
2146,-5.650649070739746
2147,-7.052502632141113
2148,1.0726003646850586
2149,-7.986506462097168
2150,-2.1874969005584717
2151,0.6477146148681641
2152,-8.303505897521973
2153,-2.6554088592529297
2154,0.4078245162963867
2155,-5.165243148803711
2156,-4.34581995010376
2157,0.46210193634033203
2158,-6.2661285400390625
2159,-4.88818883895874
2160,1.3112144470214844
2161,-7.622760772705078
2162,-1.1245964765548706
2163,1.1536455154418945
2164,-8.082727432250977
2165,-1.5735948085784912
2166,1.5898494720458984
2167,-8.06805419921875
2168,-0.7710233926773071
2169,1.3051471710205078
2170,-8.394455909729004
2171,-0.9816558361053467
2172,1.1761531829833984
2173,-7.62972354888916
2174,-0.7481081485748291
2175,0.9006099700927734
2176,-8.06474781036377
2177,-0.6389286518096924
2178,0.639979362487793
2179,-4.773386001586914
2180,-12.136813163757324
2181,0.7603111267089844
2182,-5.5523786544799805
2183,-12.598875045776367
2184,0.8580732345581055
2185,-5.543909072875977
2186,-12.597097396850586
2187,0.9520435333251953
2188,-5.543776512145996
2189,-12.598440170288086
2190,0.46000099182128906
2191,-5.642421722412109
2192,-12.649735450744629
2193,0.3530607223510742
2194,-5.680400848388672
2195,-12.650461196899414
2196,0.24048519134521484
2197,-5.731326103210449
2198,-12.651107788085938
2199,1.1183404922485352
2200,-5.497719764709473
2201,-12.349078178405762
2202,0.06809711456298828
2203,-5.898123741149902
2204,-12.59008502960205
2205,0.8712377548217773
2206,-5.154994964599609
2207,-11.765557289123535
2208,0.5103511810302734
2209,-4.995858192443848
2210,-11.857275009155273
2211,1.9989500045776367
2212,-5.308053016662598
2213,-9.105568885803223
2214,-0.1037302017211914
2215,-5.915587425231934
2216,-9.190447807312012
2217,2.6199216842651367
2218,-3.427885055541992
2219,-6.487828254699707
2220,0.01587963104248047
2221,-5.381950378417969
2222,-5.917820930480957
2223,2.6361799240112305
2224,-1.9355449676513672
2225,-4.721765041351318
2226,0.4205198287963867
2227,-4.617815971374512
2228,-4.2859721183776855
2229,2.744490623474121
2230,-1.4970455169677734
2231,-4.842226982116699
2232,0.3765449523925781
2233,-4.530744552612305
2234,-4.338808536529541
2235,2.618790626525879
2236,-1.660308837890625
2237,-5.325369834899902
2238,0.5582160949707031
2239,-4.492356300354004
2240,-4.79876708984375
2241,2.591153144836426
2242,-1.813760757446289
2243,-4.85223913192749
2244,0.6335649490356445
2245,-4.509434700012207
2246,-4.417973041534424
2247,1.7622356414794922
2248,-5.977156639099121
2249,-2.3383803367614746
2250,0.873011589050293
2251,-6.204184532165527
2252,-2.498734712600708
2253,1.125472068786621
2254,-2.118267059326172
2255,-3.4013302326202393
2256,0.6084175109863281
2257,-2.704890251159668
2258,-3.1594061851501465
2259,1.3229360580444336
2260,0.25852394104003906
2261,-0.5308957099914551
2262,2.3895273208618164
2263,0.3801555633544922
2264,0.02722334861755371
2265,1.8476247787475586
2266,0.4681377410888672
2267,-0.24436640739440918
2268,2.714291572570801
2269,0.5654697418212891
2270,0.37764811515808105
2271,1.7555532455444336
2272,1.5906620025634766
2273,-1.4670841693878174
2274,2.3726511001586914
2275,2.1091537475585938
2276,-0.4876183271408081
2277,1.6426591873168945
2278,-4.5518341064453125
2279,3.029064893722534
2280,1.5774011611938477
2281,-4.734101295471191
2282,3.2236597537994385
2283,1.5571317672729492
2284,-4.740209579467773
2285,3.222743272781372
2286,1.5381031036376953
2287,-4.751667022705078
2288,3.218611478805542
2289,1.656463623046875
2290,-4.7367143630981445
2291,3.261828660964966
2292,1.6800966262817383
2293,-4.746170997619629
2294,3.2626588344573975
2295,1.7025060653686523
2296,-4.761329650878906
2297,3.261068105697632
2298,1.4528350830078125
2299,-4.841745376586914
2300,3.4230644702911377
2301,1.751540184020996
2302,-4.853594779968262
2303,3.664499521255493
2304,1.6243896484375
2305,-4.677920341491699
2306,3.0223238468170166
2307,1.6991052627563477
2308,-4.649625778198242
2309,3.079735040664673
2310,1.3922815322875977
2311,-5.017928123474121
2312,2.108447313308716
2313,2.0377607345581055
2314,-4.929952621459961
2315,2.7059319019317627
2316,0.3151130676269531
2317,-4.809822082519531
2318,1.2572309970855713
2319,2.577212333679199
2320,-4.008713722229004
2321,1.9566495418548584
2322,0.08189964294433594
2323,-3.633246421813965
2324,0.5322849750518799
2325,2.6206483840942383
2326,-3.098334312438965
2327,0.8463306427001953
2328,0.44764232635498047
2329,-3.1818418502807617
2330,0.4169590473175049
2331,2.5870752334594727
2332,-2.822345733642578
2333,0.9280922412872314
2334,0.06720447540283203
2335,-3.198300361633301
2336,0.7204298973083496
2337,2.57102108001709
2338,-2.75982666015625
2339,0.8800334930419922
2340,0.1539173126220703
2341,-3.308868408203125
2342,0.6561830043792725
2343,2.5606794357299805
2344,-2.834540367126465
2345,0.8195030689239502
2346,1.5873355865478516
2347,-5.388019561767578
2348,-2.755084991455078
2349,1.9980077743530273
2350,-5.401224136352539
2351,-2.0857994556427
2352,1.263153076171875
2353,-1.0967369079589844
2354,-3.3254573345184326
2355,1.870039939880371
2356,-1.4094696044921875
2357,-0.4911344051361084
2358,1.0590496063232422
2359,-0.36525535583496094
2360,-3.0737409591674805
2361,2.409499168395996
2362,-0.3346881866455078
2363,-0.8091236352920532
2364,1.2503747940063477
2365,-0.8342094421386719
2366,-3.188706636428833
2367,2.546900749206543
2368,-0.6963233947753906
2369,-0.9485377073287964
2370,0.9758510589599609
2371,1.1441364288330078
2372,-3.3515470027923584
2373,2.404994010925293
2374,1.2237567901611328
2375,-1.006699800491333
2376,-0.5125370025634766
2377,-5.264488220214844
2378,-3.3788018226623535
2379,-0.5524454116821289
2380,-5.698887825012207
2381,-3.668849468231201
2382,-0.5108528137207031
2383,-5.817241668701172
2384,-3.669701099395752
2385,-0.4734344482421875
2386,-5.932241439819336
2387,-3.6707653999328613
2388,-0.5637331008911133
2389,-5.613428115844727
2390,-3.0810680389404297
2391,-0.5406007766723633
2392,-5.643380165100098
2393,-3.081696033477783
2394,-0.5166397094726562
2395,-5.681670188903809
2396,-3.0835464000701904
2397,-0.14624309539794922
2398,-6.352270126342773
2399,-4.518490314483643
2400,-0.2277851104736328
2401,-6.064724922180176
2402,-1.9149086475372314
2403,-0.20278453826904297
2404,-5.277486801147461
2405,-3.6815457344055176
2406,-0.23035144805908203
2407,-5.164970397949219
2408,-2.9231879711151123
2409,1.166152000427246
2410,-5.680144309997559
2411,-5.79282283782959
2412,0.619105339050293
2413,-4.381518363952637
2414,-0.30615997314453125
2415,2.147568702697754
2416,-3.0872249603271484
2417,-6.279300689697266
2418,1.0319719314575195
2419,-1.6004714965820312
2420,0.6763484477996826
2421,1.2913074493408203
2422,-0.6915302276611328
2423,-6.332358360290527
2424,0.1036376953125
2425,0.1714801788330078
2426,-0.42216455936431885
2427,1.1244077682495117
2428,-0.1327533721923828
2429,-6.841054916381836
2430,-0.12874221801757812
2431,0.6308727264404297
2432,-0.4491245746612549
2433,0.991063117980957
2434,-0.18383026123046875
2435,-6.716854095458984
2436,-0.2667226791381836
2437,0.5773506164550781
2438,-1.0168887376785278
2439,1.0625810623168945
2440,-0.4271087646484375
2441,-6.250391006469727
2442,-0.16256046295166016
2443,0.42394065856933594
2444,-0.7174965143203735
2445,3.0161752700805664
2446,-1.0364093780517578
2447,-4.1522908210754395
2448,2.4325037002563477
2449,-0.6992740631103516
2450,-0.6839159727096558
2451,1.192138671875
2452,2.417970657348633
2453,-6.305157661437988
2454,1.066457748413086
2455,1.8807487487792969
2456,-0.7649056911468506
2457,2.308173179626465
2458,4.133745193481445
2459,-1.6103626489639282
2460,2.2009878158569336
2461,4.047273635864258
2462,0.9262306690216064
2463,2.6426401138305664
2464,3.961912155151367
2465,-1.0405994653701782
2466,2.49630069732666
2467,4.138401031494141
2468,1.107396125793457
2469,2.280928611755371
2470,5.613435745239258
2471,-0.0653684139251709
2472,2.064631462097168
2473,5.541688919067383
2474,1.216264009475708
2475,-0.3999185562133789
2476,-5.268280982971191
2477,-3.6130151748657227
2478,-0.4349079132080078
2479,-5.721196174621582
2480,-3.956235647201538
2481,-0.39757823944091797
2482,-5.825881004333496
2483,-3.9568276405334473
2484,-0.3639373779296875
2485,-5.932662010192871
2486,-3.9577550888061523
2487,-0.4507150650024414
2488,-5.641860008239746
2489,-3.3077292442321777
2490,-0.43585777282714844
2491,-5.664619445800781
2492,-3.308562755584717
2493,-0.4207754135131836
2494,-5.69367790222168
2495,-3.310455799102783
2496,-0.04679393768310547
2497,-6.2982940673828125
2498,-4.815857410430908
2499,-0.14464187622070312
2500,-6.042458534240723
2501,-1.9568102359771729
2502,-0.11342048645019531
2503,-5.266916275024414
2504,-3.895637035369873
2505,-0.15227413177490234
2506,-5.155998229980469
2507,-3.0616633892059326
2508,1.2710533142089844
2509,-5.6453046798706055
2510,-6.314903259277344
2511,0.6805038452148438
2512,-4.373446464538574
2513,-0.018229961395263672
2514,2.2111215591430664
2515,-2.766988754272461
2516,-6.741065979003906
2517,1.1257734298706055
2518,-1.5823345184326172
2519,1.1337344646453857
2520,1.2953681945800781
2521,-0.2863311767578125
2522,-6.516197204589844
2523,0.14990806579589844
2524,0.13963699340820312
2525,-0.2058708667755127
2526,1.0992488861083984
2527,0.35941314697265625
2528,-7.079858779907227
2529,-0.12845516204833984
2530,0.5715312957763672
2531,-0.2354755401611328
2532,0.9775209426879883
2533,0.24782371520996094
2534,-6.917162895202637
2535,-0.25966453552246094
2536,0.54412841796875
2537,-0.845860481262207
2538,1.035787582397461
2539,0.07704544067382812
2540,-6.4034881591796875
2541,-0.15483474731445312
2542,0.4072227478027344
2543,-0.5231184959411621
2544,3.1702146530151367
2545,-0.9660930633544922
2546,-4.350080966949463
2547,2.591526985168457
2548,-0.6995639801025391
2549,-0.4867861270904541
2550,1.2221441268920898
2551,2.5316638946533203
2552,-6.303367614746094
2553,1.158198356628418
2554,2.0595359802246094
2555,-0.8290525674819946
2556,2.342165946960449
2557,4.302120208740234
2558,-1.0986418724060059
2559,2.207869529724121
2560,4.630094528198242
2561,0.8411846160888672
2562,2.6768064498901367
2563,4.0686187744140625
2564,-0.4534633159637451
2565,2.509915351867676
2566,4.788539886474609
2567,1.0165281295776367
2568,2.279679298400879
2569,5.823823928833008
2570,0.5702924728393555
2571,2.005274772644043
2572,6.252691268920898
2573,0.9508681297302246
2574,-0.17847824096679688
2575,-5.395459175109863
2576,-3.893169403076172
2577,-0.21103858947753906
2578,-5.873225212097168
2579,-4.253086090087891
2580,-0.17813968658447266
2581,-5.9436235427856445
2582,-4.25341272354126
2583,-0.14608192443847656
2584,-6.017019271850586
2585,-4.254276275634766
2586,-0.2528209686279297
2587,-5.793421745300293
2588,-3.63594913482666
2589,-0.24891948699951172
2590,-5.805953025817871
2591,-3.6372203826904297
2592,-0.24512481689453125
2593,-5.82088565826416
2594,-3.6388766765594482
2595,0.15667343139648438
2596,-6.324128150939941
2597,-5.056868076324463
2598,0.023981094360351562
2599,-6.109467506408691
2600,-2.3234310150146484
2601,0.08798789978027344
2602,-5.331648826599121
2603,-4.141270637512207
2604,0.02197265625
2605,-5.2180023193359375
2606,-3.3442068099975586
2607,1.3918380737304688
2608,-5.612082481384277
2609,-6.3990631103515625
2610,0.8294162750244141
2611,-4.476792335510254
2612,-0.1200094223022461
2613,2.365542411804199
2614,-2.7238082885742188
2615,-6.688745498657227
2616,1.2926464080810547
2617,-1.878213882446289
2618,1.2474243640899658
2619,1.430790901184082
2620,-0.07173919677734375
2621,-6.423192977905273
2622,0.2755594253540039
2623,-0.2159099578857422
2624,0.32093310356140137
2625,1.1980628967285156
2626,0.5736179351806641
2627,-6.953259468078613
2628,-0.046614646911621094
2629,0.15642166137695312
2630,0.33293914794921875
2631,1.0077495574951172
2632,0.49686622619628906
2633,-6.747489929199219
2634,-0.1748809814453125
2635,0.09889602661132812
2636,-0.2697274684906006
2637,1.0766324996948242
2638,0.23828887939453125
2639,-6.2808027267456055
2640,-0.056705474853515625
2641,0.04129981994628906
2642,0.02224254608154297
2643,3.251774787902832
2644,-0.8935146331787109
2645,-4.333130836486816
2646,2.7695322036743164
2647,-0.7209377288818359
2648,-0.5037052631378174
2649,1.2245044708251953
2650,2.561290740966797
2651,-5.814630031585693
2652,1.2255325317382812
2653,2.2690162658691406
2654,-0.9038939476013184
2655,2.6026487350463867
2656,4.667055130004883
2657,-1.191288948059082
2658,2.494603157043457
2659,4.981199264526367
2660,0.9178006649017334
2661,2.97977352142334
2662,4.450557708740234
2663,-0.5950019359588623
2664,2.8350839614868164
2665,5.120450973510742
2666,1.117408275604248
2667,2.5253114700317383
2668,6.363199234008789
2669,0.39315104484558105
2670,2.2425127029418945
2671,6.658323287963867
2672,0.9703962802886963
2673,-0.106414794921875
2674,-5.718959808349609
2675,-3.286578893661499
2676,-0.12219524383544922
2677,-6.169400215148926
2678,-3.6681337356567383
2679,-0.09543514251708984
2680,-6.217279434204102
2681,-3.668670177459717
2682,-0.07130813598632812
2683,-6.256231307983398
2684,-3.669898509979248
2685,-0.154327392578125
2686,-6.057493209838867
2687,-3.0512516498565674
2688,-0.1387004852294922
2689,-6.059481620788574
2690,-3.0521793365478516
2691,-0.13118839263916016
2692,-6.04799747467041
2693,-3.0539498329162598
2694,0.22754192352294922
2695,-6.425450325012207
2696,-4.5329413414001465
2697,0.10388946533203125
2698,-6.19703483581543
2699,-1.8081903457641602
2700,0.1370840072631836
2701,-5.625938415527344
2702,-3.5483646392822266
2703,0.09112262725830078
2704,-5.49550724029541
2705,-2.7556653022766113
2706,1.480454444885254
2707,-5.726449966430664
2708,-6.12111759185791
2709,0.9789352416992188
2710,-4.638555526733398
2711,0.4142763614654541
2712,2.4663915634155273
2713,-2.8569211959838867
2714,-6.412276744842529
2715,1.4061040878295898
2716,-1.9875240325927734
2717,2.306248903274536
2718,1.6835012435913086
2719,-0.16010665893554688
2720,-6.157782554626465
2721,0.3894987106323242
2722,-0.6101493835449219
2723,1.892437219619751
2724,1.5086517333984375
2725,0.46720314025878906
2726,-6.662288665771484
2727,0.09871578216552734
2728,-0.26856040954589844
2729,2.0207388401031494
2730,1.3654022216796875
2731,0.4158039093017578
2732,-6.4908246994018555
2733,-0.04061317443847656
2734,-0.29551124572753906
2735,1.458707571029663
2736,1.3751583099365234
2737,0.1430683135986328
2738,-6.030913829803467
2739,0.06853866577148438
2740,-0.35900115966796875
2741,1.6225345134735107
2742,3.2292089462280273
2743,-0.9268455505371094
2744,-4.363870143890381
2745,2.813361167907715
2746,-0.8384571075439453
2747,-0.472941517829895
2748,1.2345857620239258
2749,2.5685901641845703
2750,-5.912342071533203
2751,1.2664775848388672
2752,2.2402000427246094
2753,-0.9120572805404663
2754,2.717423439025879
2755,4.358753204345703
2756,-1.256569266319275
2757,2.6784582138061523
2758,4.880945205688477
2759,1.1449124813079834
2760,3.0785722732543945
2761,4.004596710205078
2762,-0.6650810241699219
2763,3.0028562545776367
2764,5.012451171875
2765,1.37575364112854
2766,2.776515007019043
2767,6.0228729248046875
2768,0.3647603988647461
2769,2.5495100021362305
2770,6.536706924438477
2771,1.377002239227295
2772,0.07448482513427734
2773,-6.004423141479492
2774,-2.6233060359954834
2775,0.057221412658691406
2776,-6.397251129150391
2777,-2.9695894718170166
2778,0.07120227813720703
2779,-6.4174299240112305
2780,-2.970834732055664
2781,0.0910634994506836
2782,-6.531689643859863
2783,-2.972313642501831
2784,0.050559043884277344
2785,-6.327685356140137
2786,-2.423570394515991
2787,0.0652780532836914
2788,-6.312829971313477
2789,-2.4241557121276855
2790,0.0712728500366211
2791,-6.293230056762695
2792,-2.426846981048584
2793,0.37767982482910156
2794,-6.563760757446289
2795,-3.7933835983276367
2796,0.3228483200073242
2797,-6.42083740234375
2798,-1.3606743812561035
2799,0.29279327392578125
2800,-5.883090972900391
2801,-2.862933874130249
2802,0.2790670394897461
2803,-5.813989639282227
2804,-2.1556396484375
2805,1.5595159530639648
2806,-6.032964706420898
2807,-5.288928031921387
2808,1.1403112411499023
2809,-4.89487361907959
2810,0.5275352001190186
2811,2.488245964050293
2812,-3.243854522705078
2813,-5.865665435791016
2814,1.6121187210083008
2815,-2.0925045013427734
2816,1.7841908931732178
2817,1.8956079483032227
2818,-0.5234031677246094
2819,-6.071980953216553
2820,0.590937614440918
2821,-0.8779945373535156
2822,0.9302067756652832
2823,1.794219970703125
2824,0.0817108154296875
2825,-6.532465934753418
2826,0.3505859375
2827,-0.5531902313232422
2828,0.9770731925964355
2829,1.7223691940307617
2830,0.001712799072265625
2831,-6.427454948425293
2832,0.22119522094726562
2833,-0.5908946990966797
2834,0.3985447883605957
2835,1.710982322692871
2836,-0.4135875701904297
2837,-5.9846577644348145
2838,0.32799530029296875
2839,-0.6729888916015625
2840,0.6424829959869385
2841,3.268996238708496
2842,-1.1332054138183594
2843,-4.355090618133545
2844,2.8889646530151367
2845,-0.9246959686279297
2846,-0.48230624198913574
2847,1.3952627182006836
2848,2.550321578979492
2849,-5.964406490325928
2850,1.4214859008789062
2851,2.0081634521484375
2852,-0.4163181781768799
2853,2.716517448425293
2854,2.3874130249023438
2855,-0.39193010330200195
2856,2.5895891189575195
2857,2.9082374572753906
2858,1.49782133102417
2859,3.017849922180176
2860,1.8744239807128906
2861,0.3014845848083496
2862,2.929732322692871
2863,2.8248519897460938
2864,1.7340176105499268
2865,2.8148603439331055
2866,3.374277114868164
2867,1.7288315296173096
2868,2.475773811340332
2869,3.99102783203125
2870,2.161292314529419
2871,0.0891714096069336
2872,-6.438721656799316
2873,-2.474442958831787
2874,0.08777904510498047
2875,-6.7628984451293945
2876,-2.8505334854125977
2877,0.09739494323730469
2878,-6.764148712158203
2879,-2.851440668106079
2880,0.1314249038696289
2881,-6.842473983764648
2882,-2.852658271789551
2883,0.1116952896118164
2884,-6.666664123535156
2885,-2.256241798400879
2886,0.13045024871826172
2887,-6.6560258865356445
2888,-2.256772756576538
2889,0.1392803192138672
2890,-6.635828971862793
2891,-2.2598512172698975
2892,0.4038848876953125
2893,-6.832225799560547
2894,-3.8393707275390625
2895,0.3911581039428711
2896,-6.814929008483887
2897,-1.2237491607666016
2898,0.29691123962402344
2899,-6.2693071365356445
2900,-2.7792563438415527
2901,0.27836036682128906
2902,-6.188963890075684
2903,-2.016458034515381
2904,1.5478620529174805
2905,-6.311925888061523
2906,-5.428231716156006
2907,1.285222053527832
2908,-5.5293073654174805
2909,0.7438204288482666
2910,2.5073041915893555
2911,-3.6651573181152344
2912,-6.090837001800537
2913,1.6707687377929688
2914,-2.7551422119140625
2915,2.138110399246216
2916,2.0207834243774414
2917,-0.9495029449462891
2918,-6.646267890930176
2919,0.7775917053222656
2920,-1.1577701568603516
2921,1.4842145442962646
2922,1.9339017868041992
2923,-0.3086071014404297
2924,-7.175295829772949
2925,0.5827465057373047
2926,-0.8550090789794922
2927,1.6239726543426514
2928,1.8045101165771484
2929,-0.33521270751953125
2930,-7.04311466217041
2931,0.5078840255737305
2932,-0.8425827026367188
2933,1.0240662097930908
2934,1.8556852340698242
2935,-0.6333389282226562
2936,-6.5571441650390625
2937,0.5900506973266602
2938,-0.9186344146728516
2939,1.2008652687072754
2940,3.267239570617676
2941,-1.3536510467529297
2942,-4.3512067794799805
2943,2.9518938064575195
2944,-1.3399486541748047
2945,-0.48607778549194336
2946,1.5089941024780273
2947,2.5496044158935547
2948,-5.804372787475586
2949,1.661031723022461
2950,1.9872894287109375
2951,-0.24470829963684082
2952,2.764458656311035
2953,2.657979965209961
2954,-0.7696512937545776
2955,2.718085289001465
2956,2.9167957305908203
2957,1.360931634902954
2958,3.074709892272949
2959,2.301502227783203
2960,-0.12556767463684082
2961,2.9814538955688477
2962,2.923379898071289
2963,1.5905344486236572
2964,2.732579231262207
2965,3.410114288330078
2966,1.0723140239715576
2967,2.5422048568725586
2968,3.8257389068603516
2969,1.8662989139556885
2970,0.08486080169677734
2971,-7.20090389251709
2972,-3.8462634086608887
2973,0.11148357391357422
2974,-7.612529754638672
2975,-4.263889789581299
2976,0.12604713439941406
2977,-7.632932662963867
2978,-4.264835357666016
2979,0.14338397979736328
2980,-7.654024124145508
2981,-4.2666015625
2982,0.11773967742919922
2983,-7.598306655883789
2984,-3.6127004623413086
2985,0.13559246063232422
2986,-7.618525505065918
2987,-3.6127119064331055
2988,0.14523792266845703
2989,-7.628029823303223
2990,-3.615119457244873
2991,0.4572935104370117
2992,-7.883846282958984
2993,-5.335850715637207
2994,0.42432689666748047
2995,-7.8476057052612305
2996,-2.445919990539551
2997,0.2990236282348633
2998,-7.010683059692383
2999,-4.1728949546813965
3000,0.2866630554199219
3001,-6.9598541259765625
3002,-3.3316407203674316
3003,1.6723432540893555
3004,-7.02702522277832
3005,-6.72491455078125
3006,1.2456274032592773
3007,-6.291888236999512
3008,-0.23727655410766602
3009,2.6618242263793945
3010,-4.251731872558594
3011,-6.965054512023926
3012,1.815150260925293
3013,-3.450831413269043
3014,1.42618727684021
3015,2.1803884506225586
3016,-1.3796634674072266
3017,-6.730020523071289
3018,1.2588205337524414
3019,-1.5836219787597656
3020,0.5715506076812744
3021,2.131291389465332
3022,-0.6781768798828125
3023,-7.266664505004883
3024,1.024862289428711
3025,-1.0428524017333984
3026,0.7271444797515869
3027,1.962773323059082
3028,-0.6833076477050781
3029,-7.1294050216674805
3030,0.9479293823242188
3031,-1.092041015625
3032,0.015147209167480469
3033,1.9533567428588867
3034,-0.9559230804443359
3035,-6.618494033813477
3036,1.0486745834350586
3037,-1.2009334564208984
3038,0.26331114768981934
3039,3.293515205383301
3040,-1.927358627319336
3041,-4.343371868133545
3042,2.893570899963379
3043,-1.9392433166503906
3044,-0.4938488006591797
3045,1.9044179916381836
3046,2.5927867889404297
3047,-5.865856170654297
3048,1.7160100936889648
3049,1.8504314422607422
3050,0.19780492782592773
3051,2.953341484069824
3052,2.2735671997070312
3053,0.30271410942077637
3054,2.7942285537719727
3055,2.6213817596435547
3056,2.4606573581695557
3057,3.2078962326049805
3058,1.8404884338378906
3059,1.056445598602295
3060,3.0295495986938477
3061,2.594430923461914
3062,2.7276360988616943
3063,2.9702653884887695
3064,3.160612106323242
3065,2.4712073802948
3066,2.691769599914551
3067,3.587392807006836
3068,3.113355875015259
3069,0.3402690887451172
3070,-7.72939395904541
3071,-4.241133689880371
3072,0.32407474517822266
3073,-8.189891815185547
3074,-4.662744522094727
3075,0.3399686813354492
3076,-8.234247207641602
3077,-4.663541316986084
3078,0.34989356994628906
3079,-8.267302513122559
3080,-4.665287971496582
3081,0.3170766830444336
3082,-8.143011093139648
3083,-4.003255844116211
3084,0.3286886215209961
3085,-8.15988540649414
3086,-4.003219127655029
3087,0.3324108123779297
3088,-8.169986724853516
3089,-4.005373001098633
3090,0.6532430648803711
3091,-8.456881523132324
3092,-5.689520835876465
3093,0.5448026657104492
3094,-8.304511070251465
3095,-2.763672113418579
3096,0.5645675659179688
3097,-7.55244255065918
3098,-4.545291900634766
3099,0.5375480651855469
3100,-7.489354133605957
3101,-3.693720579147339
3102,1.8278474807739258
3103,-7.486660003662109
3104,-6.966083526611328
3105,1.3224191665649414
3106,-6.782984733581543
3107,-0.6018314361572266
3108,2.7543230056762695
3109,-4.702786445617676
3110,-7.203516960144043
3111,1.8118486404418945
3112,-3.9959869384765625
3113,1.1906728744506836
3114,2.234908103942871
3115,-1.8716850280761719
3116,-6.806845664978027
3117,1.467850685119629
3118,-1.9567584991455078
3119,0.47751450538635254
3120,2.2060327529907227
3121,-1.1339855194091797
3122,-7.385397911071777
3123,1.2323503494262695
3124,-1.3495254516601562
3125,0.6949894428253174
3126,2.030287742614746
3127,-1.0924072265625
3128,-7.260307312011719
3129,1.204636573791504
3130,-1.3276290893554688
3131,-0.09495186805725098
3132,2.011765480041504
3133,-1.3890933990478516
3134,-6.698995590209961
3135,1.2471923828125
3136,-1.4917869567871094
3137,0.16778302192687988
3138,3.2768449783325195
3139,-2.1119251251220703
3140,-4.342982769012451
3141,2.8595075607299805
3142,-2.2374114990234375
3143,-0.49386119842529297
3144,1.891230583190918
3145,2.371145248413086
3146,-5.905678749084473
3147,1.8796567916870117
3148,1.6039447784423828
3149,0.14180469512939453
3150,3.1527414321899414
3151,2.499959945678711
3152,-0.7174022197723389
3153,3.02425479888916
3154,2.9786300659179688
3155,2.385183095932007
3156,3.4693498611450195
3157,2.4386444091796875
3158,-0.16698336601257324
3159,3.2844247817993164
3160,2.8476696014404297
3161,2.626068353652954
3162,3.102372169494629
3163,3.452373504638672
3164,0.6560750007629395
3165,2.841254234313965
3166,4.158390045166016
3167,2.728351354598999
3168,0.4654207229614258
3169,-8.307696342468262
3170,-4.440457344055176
3171,0.4651641845703125
3172,-8.771707534790039
3173,-4.880815505981445
3174,0.482818603515625
3175,-8.815402030944824
3176,-4.8819146156311035
3177,0.4916982650756836
3178,-8.843465805053711
3179,-4.884002685546875
3180,0.41854286193847656
3181,-8.663211822509766
3182,-4.1959662437438965
3183,0.45825767517089844
3184,-8.71479320526123
3185,-4.195266246795654
3186,0.46001243591308594
3187,-8.713971138000488
3188,-4.197161674499512
3189,0.7924051284790039
3190,-8.987447738647461
3191,-5.879868507385254
3192,0.65814208984375
3193,-8.805255889892578
3194,-2.842529296875
3195,0.7031736373901367
3196,-8.140811920166016
3197,-4.719111442565918
3198,0.6707925796508789
3199,-8.059601783752441
3200,-3.8355932235717773
3201,1.8912858963012695
3202,-7.914613723754883
3203,-7.339313507080078
3204,1.414468765258789
3205,-7.300339698791504
3206,-0.4805234670639038
3207,2.7907629013061523
3208,-5.126031875610352
3209,-7.749834060668945
3210,1.7716035842895508
3211,-4.414637565612793
3212,1.0815470218658447
3213,2.343510627746582
3214,-2.1050758361816406
3215,-7.213483810424805
3216,1.7385053634643555
3217,-2.171550750732422
3218,0.11453437805175781
3219,2.3244333267211914
3220,-1.3473968505859375
3221,-7.898009300231934
3222,1.5594758987426758
3223,-1.6154136657714844
3224,0.27294421195983887
3225,2.1528329849243164
3226,-1.3312911987304688
3227,-7.765776634216309
3228,1.5262260437011719
3229,-1.5454216003417969
3230,-0.45244359970092773
3231,2.1492204666137695
3232,-1.620260238647461
3233,-7.092365264892578
3234,1.5704927444458008
3235,-1.7416934967041016
3236,-0.18856334686279297
3237,3.2739992141723633
3238,-2.2879724502563477
3239,-4.441778182983398
3240,2.8414430618286133
3241,-2.399139404296875
3242,-0.3936500549316406
3243,1.9911527633666992
3244,2.1947555541992188
3245,-5.797994136810303
3246,2.0178422927856445
3247,1.479196548461914
3248,0.43700480461120605
3249,3.255984306335449
3250,3.5965347290039062
3251,-1.2421246767044067
3252,3.151627540588379
3253,3.585817337036133
3254,2.460069417953491
3255,3.6107263565063477
3256,3.7421398162841797
3257,-0.7877649068832397
3258,3.436305046081543
3259,3.886079788208008
3260,2.660846471786499
3261,3.064509391784668
3262,4.431600570678711
3263,-0.3578670024871826
3264,2.826775550842285
3265,4.710992813110352
3266,2.528578996658325
